Year,Month,Day,Hour,Minute,Second,DayOfYear,LongitudeE,LatitudeN,SST,SSS,AtmPressure,EquiTemp,EquiPress,xCO2,pCO2,fCO2
2021,2,18,0,4,43,49.003275,-10.5397,49.5943,10.74,35.38,996.3,10.91,995.75,408.8,393.2,391.8
2021,2,18,0,6,12,49.004306,-10.5373,49.5935,10.72,35.38,996,10.92,995.17,408.6,392.8,391.4
2021,2,18,0,7,42,49.005347,-10.5351,49.5928,10.72,35.38,995.9,10.9,995.08,408.9,393.1,391.6
2021,2,18,0,9,11,49.006377,-10.5329,49.5919,10.71,35.38,995.6,10.91,995.99,408.9,393.3,391.9
2021,2,18,0,10,40,49.007407,-10.5307,49.5912,10.71,35.38,996.1,10.92,995.82,408.8,393.2,391.7
2021,2,18,0,12,10,49.008449,-10.5283,49.5905,10.72,35.38,996.9,10.9,995.65,408.8,393.3,391.8
2021,2,18,0,13,39,49.009479,-10.5259,49.5898,10.71,35.37,996.3,10.91,995.72,408.8,393.3,391.8
2021,2,18,0,27,27,49.019062,-10.5035,49.5831,10.68,35.37,996.2,10.88,996.23,408.9,393.4,391.9
2021,2,18,0,34,57,49.024271,-10.4915,49.5799,10.65,35.37,996.8,10.86,996.27,408.8,393.2,391.8
2021,2,18,0,36,27,49.025312,-10.4892,49.5793,10.65,35.37,997,10.87,996.99,408.9,393.6,392.1
2021,2,18,0,37,56,49.026343,-10.4868,49.5786,10.67,35.37,996.8,10.86,996.4,408.7,393.1,391.7
2021,2,18,1,9,38,49.048356,-10.4337,49.564,10.56,35.35,996.8,10.77,996.66,409.5,394.2,392.8
2021,2,18,1,11,7,49.049387,-10.4315,49.5632,10.57,35.34,997.4,10.77,996.75,409.3,394.1,392.6
2021,2,18,1,17,4,49.053519,-10.4223,49.5599,10.55,35.34,997.1,10.75,997.05,409.6,394.7,393.2
2021,2,18,1,18,33,49.054549,-10.4199,49.5591,10.57,35.34,997.6,10.74,996.61,409.7,394.6,393.1
2021,2,18,1,20,3,49.05559,-10.4174,49.5583,10.55,35.34,997.5,10.75,996.17,409.8,394.4,392.9
2021,2,18,1,21,33,49.056632,-10.4153,49.5576,10.55,35.34,996.7,10.75,996.05,409.6,394.1,392.7
2021,2,18,1,23,2,49.057662,-10.4131,49.5568,10.54,35.34,997,10.75,996.37,409.8,394.4,393
2021,2,18,1,24,33,49.058715,-10.4108,49.556,10.55,35.34,997.2,10.75,996.22,409.9,394.5,393
2021,2,18,1,26,1,49.059734,-10.4085,49.5552,10.54,35.34,997.3,10.75,996.49,410,394.7,393.2
2021,2,18,1,27,53,49.06103,-10.4057,49.5542,10.55,35.33,996.9,10.73,996.8,410,394.8,393.3
2021,2,18,1,29,23,49.062072,-10.4034,49.5533,10.53,35.33,997.3,10.73,997.06,410.1,395,393.5
2021,2,18,1,30,52,49.063102,-10.4012,49.5525,10.54,35.33,997.4,10.73,996.51,409.9,394.6,393.1
2021,2,18,1,32,21,49.064132,-10.3989,49.5517,10.53,35.33,997.3,10.73,997.35,410.1,395.2,393.7
2021,2,18,1,33,50,49.065162,-10.3966,49.5509,10.52,35.33,996.9,10.72,997.1,410.1,395.1,393.6
2021,2,18,1,35,19,49.066192,-10.3943,49.5501,10.53,35.33,997.8,10.73,996.83,409.9,394.8,393.4
2021,2,18,1,36,48,49.067222,-10.3921,49.5492,10.53,35.33,996.8,10.73,997.15,410.1,395.2,393.7
2021,2,18,1,38,16,49.068241,-10.3897,49.5484,10.52,35.33,997,10.72,997.17,409.9,394.9,393.4
2021,2,18,1,39,45,49.069271,-10.3874,49.5476,10.5,35.33,997.6,10.72,996.87,409.8,394.6,393.1
2021,2,18,1,41,14,49.070301,-10.3848,49.5467,10.52,35.32,997.1,10.73,997.03,410.1,394.8,393.3
2021,2,18,1,42,43,49.071331,-10.3824,49.5459,10.52,35.32,996.9,10.71,997.31,410.3,395.3,393.8
2021,2,18,1,44,12,49.072361,-10.3798,49.545,10.51,35.33,997.3,10.71,997.85,410.2,395.5,394
2021,2,18,1,45,42,49.073403,-10.3773,49.5442,10.5,35.32,997.5,10.7,997.43,410.1,395.3,393.8
2021,2,18,1,47,13,49.074456,-10.375,49.5433,10.49,35.32,997.8,10.71,997.37,410.3,395.1,393.6
2021,2,18,1,48,42,49.075486,-10.3726,49.5425,10.5,35.32,997.5,10.71,997.28,410.3,395.2,393.7
2021,2,18,1,50,12,49.076528,-10.3702,49.5417,10.49,35.31,997.6,10.7,997.2,410.3,395.3,393.8
2021,2,18,1,51,42,49.077569,-10.3679,49.5408,10.5,35.32,997.1,10.7,997.11,410.3,395.3,393.8
2021,2,18,2,26,38,49.101829,-10.3123,49.5218,10.38,35.29,998.2,10.57,997.74,412.6,397.9,396.4
2021,2,18,2,28,29,49.103113,-10.3096,49.5207,10.35,35.29,998.2,10.57,997.53,412.7,397.6,396.1
2021,2,18,2,29,58,49.104144,-10.3072,49.52,10.35,35.28,998.5,10.56,997.27,412.9,397.6,396.1
2021,2,18,2,31,27,49.105174,-10.3048,49.5192,10.34,35.28,998.1,10.55,997.91,413.3,398.5,397
2021,2,18,2,32,56,49.106204,-10.3024,49.5184,10.34,35.28,998.2,10.54,996.97,413.6,398.3,396.8
2021,2,18,2,34,26,49.107245,-10.3001,49.5177,10.32,35.28,998.4,10.54,997.82,413.7,398.7,397.2
2021,2,18,2,35,55,49.108275,-10.2977,49.5169,10.31,35.27,998,10.52,997.95,413.8,399,397.5
2021,2,18,2,37,24,49.109306,-10.2953,49.5161,10.32,35.28,998.5,10.52,998.17,414,399.2,397.7
2021,2,18,2,38,53,49.110336,-10.2931,49.5154,10.3,35.28,998.2,10.51,998.43,414.2,399.6,398.1
2021,2,18,2,40,23,49.111377,-10.2908,49.5146,10.3,35.27,998.2,10.5,998.13,414.7,399.9,398.4
2021,2,18,2,41,52,49.112407,-10.2886,49.514,10.28,35.27,998,10.5,997.97,414.6,399.7,398.2
2021,2,18,2,43,23,49.113461,-10.2863,49.5132,10.28,35.27,997.8,10.5,998.63,414.9,400.1,398.6
2021,2,18,2,44,53,49.114502,-10.284,49.5125,10.28,35.27,998.1,10.51,997.97,415,399.8,398.3
2021,2,18,2,46,22,49.115532,-10.2818,49.5118,10.27,35.27,998.3,10.49,997.36,414.8,399.5,398
2021,2,18,2,47,52,49.116574,-10.2794,49.5111,10.28,35.26,997.7,10.48,998.19,415.3,400.3,398.8
2021,2,18,2,49,21,49.117604,-10.277,49.5104,10.25,35.27,998.2,10.49,998.09,415.2,400.2,398.7
2021,2,18,2,50,50,49.118634,-10.2748,49.5097,10.26,35.27,998.6,10.47,998.2,415.3,400.2,398.7
2021,2,18,2,52,20,49.119676,-10.2726,49.5091,10.26,35.27,998.4,10.47,998.11,415.6,400.7,399.2
2021,2,18,2,53,50,49.120718,-10.2704,49.5083,10.27,35.27,998.1,10.47,998.02,415.8,400.9,399.4
2021,2,18,2,55,20,49.121759,-10.2681,49.5076,10.24,35.27,998.5,10.46,997.71,416,400.7,399.2
2021,2,18,2,57,11,49.123044,-10.2652,49.5068,10.23,35.27,998.5,10.46,998.01,415.9,400.9,399.4
2021,2,18,2,58,40,49.124074,-10.2628,49.5061,10.24,35.27,998.6,10.45,998.23,416.3,401.4,399.9
2021,2,18,3,0,10,49.125116,-10.2604,49.5054,10.24,35.27,999.2,10.45,997.9,416.4,401.3,399.8
2021,2,18,3,1,39,49.126146,-10.2581,49.5047,10.23,35.27,998.8,10.46,998.24,416.4,401.3,399.8
2021,2,18,3,3,8,49.127176,-10.2558,49.504,10.22,35.27,998.2,10.45,997.84,416.5,401.3,399.8
2021,2,18,3,4,37,49.128206,-10.2534,49.5033,10.23,35.27,998.6,10.44,998.05,416.5,401.4,399.9
2021,2,18,3,6,5,49.129225,-10.2511,49.5025,10.21,35.27,998.4,10.43,998.4,416.7,401.7,400.2
2021,2,18,3,7,34,49.130255,-10.2489,49.5019,10.2,35.27,998.4,10.44,998.02,416.6,401.3,399.8
2021,2,18,3,9,3,49.131285,-10.2469,49.5011,10.21,35.27,998.7,10.44,998.24,416.6,401.3,399.8
2021,2,18,3,10,34,49.132338,-10.2448,49.5006,10.2,35.27,998.5,10.44,998.34,416.7,401.4,399.9
2021,2,18,3,12,3,49.133368,-10.2427,49.4998,10.22,35.26,998.9,10.43,998.61,417.2,402,400.5
2021,2,18,3,13,33,49.13441,-10.2405,49.499,10.19,35.27,998.8,10.43,998.07,417.1,401.8,400.2
2021,2,18,3,15,2,49.13544,-10.2384,49.4982,10.19,35.27,998.7,10.42,998.28,417,401.8,400.3
2021,2,18,3,16,32,49.136481,-10.2363,49.4973,10.19,35.26,998.5,10.42,997.89,417.2,401.9,400.4
2021,2,18,3,18,2,49.137523,-10.2341,49.4966,10.19,35.26,999.1,10.42,998.31,417.1,402,400.5
2021,2,18,3,19,31,49.138553,-10.2319,49.4957,10.2,35.26,998.7,10.43,998.49,417.3,402.2,400.7
2021,2,18,3,21,1,49.139595,-10.2296,49.495,10.2,35.26,999,10.42,998.36,417.5,402.5,400.9
2021,2,18,3,22,30,49.140625,-10.2274,49.4941,10.2,35.26,998.8,10.42,998.68,417.6,402.5,401
2021,2,18,3,23,59,49.141655,-10.2253,49.4933,10.18,35.27,998.6,10.43,998.72,417.5,402.5,401
2021,2,18,3,25,28,49.142685,-10.2233,49.4925,10.19,35.26,998.7,10.42,998.71,417.6,402.5,400.9
2021,2,18,3,27,18,49.143958,-10.2207,49.4916,10.19,35.26,998.7,10.42,998.54,417.7,402.7,401.1
2021,2,18,3,30,16,49.146019,-10.2165,49.49,10.19,35.26,998.9,10.42,998.67,417.6,402.7,401.2
2021,2,18,3,31,45,49.147049,-10.2144,49.4892,10.18,35.27,998.5,10.41,998.22,417.7,402.5,401
2021,2,18,3,33,15,49.14809,-10.2122,49.4883,10.18,35.26,998.8,10.41,998.42,417.8,402.5,401
2021,2,18,3,34,45,49.149132,-10.2099,49.4875,10.17,35.26,999.1,10.41,998.28,417.7,402.6,401.1
2021,2,18,3,36,14,49.150162,-10.2076,49.4867,10.19,35.26,999.5,10.4,997.98,417.9,402.8,401.3
2021,2,18,3,37,43,49.151192,-10.2054,49.4858,10.18,35.26,999,10.39,998.23,418,403,401.5
2021,2,18,3,39,12,49.152222,-10.2054,49.485,10.16,35.26,998.3,10.4,998.36,417.9,402.8,401.3
2021,2,18,3,40,42,49.153264,-10.2073,49.4854,10.18,35.26,998.7,10.39,997.68,417.7,402.4,400.9
2021,2,18,3,42,11,49.154294,-10.2091,49.4856,10.15,35.27,998.6,10.39,998.38,418.1,403,401.5
2021,2,18,3,43,40,49.155324,-10.2109,49.4856,10.16,35.27,998.2,10.39,998.17,417.9,402.6,401.1
2021,2,18,3,45,10,49.156366,-10.2126,49.4855,10.16,35.26,998.7,10.4,998.19,418,402.7,401.1
2021,2,18,3,46,40,49.157407,-10.2139,49.4854,10.17,35.26,998.5,10.4,998.08,417.9,402.6,401
2021,2,18,3,48,11,49.158461,-10.2148,49.4853,10.17,35.26,998.7,10.4,998.26,417.8,402.5,400.9
2021,2,18,3,49,40,49.159491,-10.2155,49.4851,10.16,35.26,998.9,10.4,998.42,418,402.8,401.3
2021,2,18,3,51,11,49.160544,-10.2164,49.4851,10.16,35.26,998.8,10.4,998.16,418,402.7,401.1
2021,2,18,3,52,39,49.161563,-10.2173,49.4849,10.17,35.26,998.8,10.4,998.35,418.1,402.8,401.3
2021,2,18,3,54,8,49.162593,-10.2182,49.4848,10.17,35.27,998.6,10.4,998.32,417.9,402.7,401.2
2021,2,18,3,55,37,49.163623,-10.219,49.4849,10.17,35.27,998.8,10.4,998.32,417.9,402.7,401.2
2021,2,18,3,57,27,49.164896,-10.2202,49.4847,10.17,35.27,998.9,10.4,998.31,418,402.5,401
2021,2,18,3,58,56,49.165926,-10.2213,49.4847,10.17,35.27,999.1,10.41,998.28,417.7,402.5,401
2021,2,18,4,0,25,49.166956,-10.2226,49.4847,10.18,35.27,998.8,10.41,998.26,417.4,402.1,400.6
2021,2,18,4,1,54,49.167986,-10.2247,49.4847,10.17,35.27,998.5,10.41,998.38,417.7,402.4,400.8
2021,2,18,4,3,23,49.169016,-10.2267,49.4844,10.17,35.27,998.8,10.42,998.37,417.3,402.1,400.5
2021,2,18,4,4,52,49.170046,-10.2287,49.4836,10.19,35.27,998.7,10.41,998.44,417.4,402.2,400.6
2021,2,18,4,6,22,49.171088,-10.2299,49.4831,10.18,35.27,998.9,10.42,998.25,417.4,402.1,400.6
2021,2,18,4,7,51,49.172118,-10.2309,49.4825,10.18,35.27,999.3,10.42,998.41,417.6,402.2,400.6
2021,2,18,4,9,21,49.17316,-10.232,49.4819,10.19,35.27,998.6,10.41,998.56,417.5,402.6,401
2021,2,18,4,10,52,49.174213,-10.233,49.4813,10.19,35.27,999.4,10.41,998.55,417.3,402.4,400.8
2021,2,18,4,13,51,49.176285,-10.2347,49.4803,10.19,35.27,999.2,10.41,998.86,417.2,402.2,400.7
2021,2,18,4,15,20,49.177315,-10.2357,49.4797,10.19,35.27,999.2,10.43,998.96,417.3,402.2,400.7
2021,2,18,4,16,49,49.178345,-10.2367,49.4791,10.19,35.27,999.2,10.44,998.74,416.8,401.7,400.1
2021,2,18,4,18,17,49.179363,-10.2378,49.4786,10.2,35.27,999,10.43,998.95,417.1,402,400.5
2021,2,18,4,19,46,49.180394,-10.2386,49.4781,10.2,35.27,999.4,10.43,999.16,417.3,402.5,401
2021,2,18,4,21,15,49.181424,-10.2395,49.4777,10.21,35.27,999.1,10.43,999.01,417.1,402.2,400.7
2021,2,18,4,22,44,49.182454,-10.2402,49.4772,10.2,35.27,999,10.43,999.05,417.2,402.3,400.8
2021,2,18,4,24,13,49.183484,-10.2412,49.4767,10.2,35.27,999.1,10.44,998.8,416.9,401.8,400.3
2021,2,18,4,25,42,49.184514,-10.2424,49.4762,10.21,35.27,999.1,10.44,999.17,416.8,401.9,400.4
2021,2,18,4,27,32,49.185787,-10.2437,49.4756,10.21,35.27,999.1,10.45,998.9,416.7,401.6,400.1
2021,2,18,4,29,1,49.186817,-10.2445,49.4751,10.21,35.27,999.1,10.45,998.74,416.6,401.4,399.9
2021,2,18,4,30,31,49.187859,-10.2457,49.4745,10.21,35.27,999.2,10.44,998.98,416.7,401.7,400.2
2021,2,18,4,32,1,49.1889,-10.2466,49.474,10.2,35.28,999,10.45,999.27,416.7,401.8,400.3
2021,2,18,4,33,31,49.189942,-10.2475,49.4736,10.22,35.27,999.4,10.44,999,416.7,401.9,400.4
2021,2,18,4,35,0,49.190972,-10.2483,49.4731,10.22,35.28,999.1,10.45,998.89,416.7,401.8,400.3
2021,2,18,4,36,29,49.192002,-10.2494,49.4726,10.22,35.28,999.2,10.45,999.07,416.6,401.8,400.2
2021,2,18,4,37,59,49.193044,-10.2506,49.472,10.22,35.28,999.3,10.45,999.12,416.3,401.6,400
2021,2,18,4,39,28,49.194074,-10.2517,49.4715,10.23,35.28,999.4,10.45,999.04,416.4,401.5,400
2021,2,18,4,40,57,49.195104,-10.2524,49.471,10.22,35.28,999.5,10.46,998.8,416.3,401.2,399.7
2021,2,18,4,42,26,49.196134,-10.2538,49.4704,10.22,35.28,999.2,10.46,999.12,416.4,401.4,399.9
2021,2,18,4,43,55,49.197164,-10.2554,49.4698,10.23,35.28,999.6,10.46,999.29,416.2,401.3,399.8
2021,2,18,4,45,24,49.198194,-10.2572,49.4691,10.23,35.28,999.8,10.47,999.15,416.1,401.1,399.6
2021,2,18,4,46,53,49.199225,-10.2591,49.4684,10.24,35.28,999.3,10.49,999.16,415.7,400.7,399.2
2021,2,18,4,49,51,49.201285,-10.2625,49.4669,10.33,35.29,999.6,10.48,999.17,415.7,400.8,399.3
2021,2,18,4,51,20,49.202315,-10.264,49.4662,10.24,35.29,999.5,10.52,999.38,415.6,400.4,398.9
2021,2,18,4,52,49,49.203345,-10.2658,49.4655,10.26,35.29,999.2,10.51,999.3,415.4,400.3,398.8
2021,2,18,4,54,19,49.204387,-10.2674,49.4648,10.27,35.27,999.4,10.51,999.22,415.2,400.5,399
2021,2,18,4,55,49,49.205428,-10.2689,49.4641,10.28,35.29,999.7,10.5,999.15,415.1,400.4,398.9
2021,2,18,5,31,2,49.229884,-10.2793,49.4558,10.33,35.3,1000.3,10.54,1000.01,414,399.7,398.1
2021,2,18,5,32,32,49.230926,-10.2767,49.4563,10.3,35.3,1000,10.54,999.9,414.1,399.7,398.2
2021,2,18,5,34,1,49.231956,-10.2742,49.4569,10.31,35.29,1000.4,10.54,999.98,414.3,399.9,398.4
2021,2,18,5,35,30,49.232986,-10.2719,49.4576,10.3,35.3,999.9,10.53,999.96,414.4,400,398.5
2021,2,18,5,36,59,49.234016,-10.2695,49.4581,10.3,35.29,1000.4,10.53,999.52,414.1,399.7,398.1
2021,2,18,5,38,28,49.235046,-10.2671,49.4587,10.31,35.29,1000.1,10.52,999.28,414.3,399.9,398.4
2021,2,18,5,39,57,49.236076,-10.265,49.4593,10.31,35.29,999.8,10.51,999.73,414.6,400.3,398.8
2021,2,18,5,41,26,49.237106,-10.263,49.4598,10.28,35.29,1000.3,10.51,1000.07,414.6,400.3,398.8
2021,2,18,5,42,55,49.238137,-10.2607,49.4602,10.28,35.29,1000.6,10.51,999.88,414.6,400.2,398.6
2021,2,18,5,44,24,49.239167,-10.2585,49.4607,10.29,35.29,1000.1,10.51,1000.02,414.8,400.5,399
2021,2,18,5,45,53,49.240197,-10.2564,49.4613,10.28,35.29,1000,10.5,999.44,414.9,400.3,398.8
2021,2,18,5,47,22,49.241227,-10.2542,49.4618,10.28,35.29,1000.3,10.51,999.69,414.9,400.4,398.9
2021,2,18,5,48,50,49.242245,-10.2521,49.4624,10.27,35.29,1000.2,10.5,999.16,415.3,400.4,398.9
2021,2,18,5,50,21,49.243299,-10.2499,49.4629,10.27,35.28,1000.5,10.5,999.57,415.4,400.8,399.3
2021,2,18,5,51,50,49.244329,-10.2474,49.4633,10.27,35.28,1000.4,10.49,999.71,415.5,401.1,399.6
2021,2,18,5,53,19,49.245359,-10.2455,49.464,10.26,35.28,1000.4,10.47,999.73,415.7,401.4,399.9
2021,2,18,5,54,48,49.246389,-10.2448,49.4645,10.26,35.28,1000,10.47,999.8,415.9,401.6,400.1
2021,2,18,5,56,16,49.247407,-10.2445,49.465,10.24,35.29,1000,10.47,999.62,415.7,401.2,399.7
2021,2,18,5,58,6,49.248681,-10.2454,49.4648,10.24,35.28,999.8,10.47,999.84,415.8,401.1,399.6
2021,2,18,5,59,35,49.249711,-10.2473,49.4643,10.24,35.28,999.8,10.49,999.56,415.4,400.6,399.1
2021,2,18,6,1,4,49.250741,-10.2491,49.4637,10.24,35.28,1000.1,10.51,1000.07,414.7,400.4,398.9
2021,2,18,6,2,33,49.251771,-10.2516,49.4628,10.3,35.28,1000,10.5,999.96,415,400.8,399.2
2021,2,18,6,4,2,49.252801,-10.2542,49.4618,10.26,35.29,999.9,10.5,999.92,415,400.5,399
2021,2,18,6,5,31,49.253831,-10.2568,49.4609,10.26,35.29,1000.1,10.52,999.83,414.8,400,398.5
2021,2,18,6,7,0,49.254861,-10.2599,49.4599,10.28,35.29,1000.2,10.53,999.72,414.6,399.9,398.4
2021,2,18,6,8,29,49.255891,-10.2632,49.4588,10.34,35.29,1000.2,10.55,1000,414.4,400,398.4
2021,2,18,6,9,58,49.256921,-10.2667,49.4578,10.33,35.3,1000.2,10.55,1000.64,414.5,400.6,399
2021,2,18,6,11,27,49.257951,-10.2701,49.4573,10.29,35.3,1000,10.56,1000.25,414.3,400.1,398.5
2021,2,18,6,12,56,49.258981,-10.2734,49.457,10.33,35.3,1000.6,10.55,1000.84,414.3,400.2,398.6
2021,2,18,6,14,24,49.26,-10.2763,49.4569,10.32,35.3,1000.5,10.56,999.99,414,399.5,398
2021,2,18,6,15,53,49.26103,-10.2797,49.4568,10.31,35.3,1000.5,10.55,1000.24,413.8,399.5,397.9
2021,2,18,6,17,23,49.262072,-10.2832,49.4566,10.34,35.29,1000,10.56,1000.24,413.7,399.4,397.9
2021,2,18,6,18,53,49.263113,-10.2867,49.4565,10.31,35.3,1000.4,10.56,999.87,413.5,398.7,397.2
2021,2,18,6,20,23,49.264155,-10.2903,49.4563,10.35,35.29,1000,10.57,999.95,413.5,398.9,397.4
2021,2,18,6,21,52,49.265185,-10.2936,49.4561,10.33,35.3,1000.5,10.58,999.87,413.1,398.5,396.9
2021,2,18,6,23,22,49.266227,-10.2972,49.4559,10.34,35.3,1000.4,10.6,999.93,413,398.1,396.6
2021,2,18,6,24,53,49.26728,-10.301,49.4557,10.38,35.29,1000.2,10.59,999.96,412.9,398.8,397.2
2021,2,18,6,26,23,49.268322,-10.3044,49.4555,10.36,35.31,1000.7,10.61,1000.04,412.8,398.1,396.6
2021,2,18,6,28,14,49.269606,-10.3087,49.4553,10.38,35.3,1000.4,10.6,1000.14,412.8,398.5,397
2021,2,18,6,29,43,49.270637,-10.3121,49.4552,10.36,35.31,1000.8,10.6,1000.07,412.5,398.2,396.7
2021,2,18,6,31,12,49.271667,-10.3139,49.455,10.37,35.31,1000.5,10.6,1000.11,412.8,398.4,396.9
2021,2,18,6,32,41,49.272697,-10.3141,49.455,10.37,35.31,1000.5,10.6,1000.41,412.7,398.5,397
2021,2,18,6,34,11,49.273738,-10.3134,49.455,10.38,35.31,1000.7,10.63,1000.16,412.5,398.1,396.6
2021,2,18,6,35,40,49.274769,-10.3161,49.4546,10.39,35.31,1000.3,10.61,1000.37,412.2,397.9,396.4
2021,2,18,6,37,8,49.275787,-10.3198,49.4541,10.39,35.3,1000.1,10.62,1000.02,412.2,397.9,396.4
2021,2,18,6,38,37,49.276817,-10.3198,49.455,10.4,35.31,1000.7,10.62,1000.05,412.1,397.9,396.4
2021,2,18,6,40,6,49.277847,-10.3168,49.4561,10.4,35.31,1000.6,10.62,1000.41,412.2,398.2,396.7
2021,2,18,6,41,35,49.278877,-10.3122,49.4575,10.4,35.31,1001,10.61,1000.38,412.5,398.5,397
2021,2,18,6,43,4,49.279907,-10.3062,49.4591,10.39,35.31,1000.8,10.6,1000.08,412.7,398.7,397.2
2021,2,18,6,44,33,49.280937,-10.2996,49.4608,10.37,35.31,1000.6,10.58,1000.52,413.1,399.3,397.8
2021,2,18,6,46,3,49.281979,-10.2924,49.4623,10.36,35.3,1000.7,10.57,1000.83,413.4,399.7,398.2
2021,2,18,6,47,33,49.283021,-10.2853,49.4637,10.34,35.3,1000.7,10.56,1000.64,413.6,399.7,398.2
2021,2,18,6,49,2,49.284051,-10.2781,49.4651,10.33,35.3,1000.8,10.54,1000.23,413.7,399.6,398.1
2021,2,18,6,50,31,49.285081,-10.2709,49.4663,10.31,35.3,1000.7,10.53,1000.41,414.1,400.1,398.5
2021,2,18,6,52,0,49.286111,-10.2638,49.4673,10.29,35.29,1000.6,10.52,1000.49,414.3,400.2,398.7
2021,2,18,6,53,31,49.287164,-10.2569,49.4685,10.28,35.29,1001,10.51,1000.74,414.7,400.7,399.2
2021,2,18,6,55,1,49.288206,-10.2514,49.4699,10.28,35.29,1000.9,10.49,1000.47,414.9,400.8,399.3
2021,2,18,6,56,30,49.289236,-10.2455,49.4715,10.27,35.29,1001,10.49,1000.49,415.1,401.1,399.6
2021,2,18,6,58,21,49.290521,-10.238,49.4732,10.25,35.28,1000.9,10.48,1000.56,415.3,401.2,399.7
2021,2,18,6,59,49,49.291539,-10.2321,49.4744,10.25,35.28,1000.9,10.47,1000.3,415.5,401.3,399.8
2021,2,18,7,1,18,49.292569,-10.226,49.4757,10.23,35.28,1001.1,10.45,1000.22,415.9,401.7,400.2
2021,2,18,7,2,47,49.2936,-10.2198,49.4771,10.23,35.28,1000.9,10.45,1000.61,416.1,402,400.5
2021,2,18,7,4,16,49.29463,-10.2151,49.4793,10.21,35.28,1000.9,10.44,1000.66,416.3,402.2,400.7
2021,2,18,7,5,45,49.29566,-10.2116,49.4812,10.2,35.27,1000.8,10.43,1000.42,416.4,402,400.5
2021,2,18,7,7,14,49.29669,-10.209,49.4824,10.19,35.27,1000.8,10.44,1000.15,416.2,401.7,400.2
2021,2,18,7,8,43,49.29772,-10.2064,49.4835,10.2,35.27,1000.7,10.43,1000.59,416.4,402.1,400.6
2021,2,18,7,10,12,49.29875,-10.203,49.4851,10.2,35.27,1000.8,10.41,1000.7,416.7,402.6,401.1
2021,2,18,7,11,41,49.29978,-10.201,49.4863,10.18,35.27,1000.9,10.42,1000.47,416.5,402.3,400.7
2021,2,18,7,13,10,49.30081,-10.1991,49.487,10.18,35.27,1001.1,10.42,1000.48,416.5,402.1,400.6
2021,2,18,7,14,40,49.301852,-10.1972,49.488,10.18,35.27,1000.9,10.42,1000.44,416.6,402.2,400.7
2021,2,18,7,16,9,49.302882,-10.1946,49.4895,10.2,35.27,1000.8,10.41,1000.48,416.8,402.5,400.9
2021,2,18,7,17,38,49.303912,-10.1917,49.4916,10.18,35.27,1000.6,10.41,1000.76,417,402.8,401.3
2021,2,18,7,19,7,49.304942,-10.1891,49.4935,10.17,35.27,1000.9,10.4,1000.37,417.1,402.7,401.2
2021,2,18,7,20,37,49.305984,-10.187,49.495,10.17,35.27,1000.8,10.4,1000.43,416.8,402.5,400.9
2021,2,18,7,22,7,49.307025,-10.1852,49.4962,10.16,35.27,1000.8,10.4,1000.59,416.9,402.6,401
2021,2,18,7,23,36,49.308056,-10.1834,49.4972,10.17,35.27,1000.9,10.41,1000.6,416.9,402.7,401.1
2021,2,18,7,25,5,49.309086,-10.1817,49.4982,10.17,35.26,1000.7,10.39,1000.36,417.1,402.8,401.2
2021,2,18,7,26,34,49.310116,-10.1801,49.4991,10.17,35.26,1000.9,10.4,1000.67,417.1,402.9,401.3
2021,2,18,7,28,24,49.311389,-10.1782,49.5001,10.14,35.26,1001.1,10.4,1000.78,417,402.6,401.1
2021,2,18,7,29,53,49.312419,-10.1766,49.501,10.17,35.26,1001.1,10.4,1000.69,417.2,402.7,401.2
2021,2,18,7,31,22,49.313449,-10.1752,49.502,10.15,35.26,1000.6,10.4,1000.66,417.1,402.8,401.3
2021,2,18,7,32,51,49.314479,-10.1737,49.503,10.17,35.26,1000.4,10.4,1000.75,417.2,402.8,401.3
2021,2,18,7,34,21,49.315521,-10.1722,49.504,10.15,35.26,1000.8,10.39,1000.52,417.2,402.9,401.4
2021,2,18,7,35,51,49.316562,-10.1708,49.505,10.16,35.26,1000.7,10.39,1000.67,417.3,403,401.4
2021,2,18,7,37,20,49.317593,-10.1693,49.506,10.15,35.26,1000.8,10.39,1000.35,417.1,402.7,401.1
2021,2,18,7,38,49,49.318623,-10.168,49.507,10.15,35.26,1000.8,10.39,1000.43,417,402.6,401
2021,2,18,7,40,18,49.319653,-10.1667,49.508,10.16,35.26,1000.8,10.4,1000.94,417.1,402.8,401.3
2021,2,18,7,41,47,49.320683,-10.1653,49.509,10.15,35.26,1001.1,10.39,1000.69,417.3,403,401.4
2021,2,18,7,43,16,49.321713,-10.1639,49.51,10.15,35.26,1000.9,10.38,1000.57,417.2,402.8,401.3
2021,2,18,7,44,46,49.322755,-10.1625,49.511,10.14,35.26,1001,10.39,1000.62,417.1,402.5,401
2021,2,18,7,46,15,49.323785,-10.1611,49.512,10.14,35.26,1001,10.38,1000.92,417.3,403,401.4
2021,2,18,7,47,44,49.324815,-10.1598,49.5129,10.16,35.26,1001,10.39,1000.47,417.2,402.8,401.3
2021,2,18,7,49,15,49.325868,-10.1584,49.5139,10.15,35.26,1000.9,10.39,1000.54,417.1,402.7,401.1
2021,2,18,7,50,44,49.326898,-10.1571,49.5149,10.14,35.26,1000.9,10.39,1000.69,417.1,402.7,401.2
2021,2,18,7,52,12,49.327917,-10.1557,49.5158,10.15,35.26,1001.2,10.38,1000.79,417.2,402.9,401.4
2021,2,18,7,53,41,49.328947,-10.1543,49.5167,10.15,35.26,1001.3,10.39,1000.67,417,402.8,401.2
2021,2,18,7,55,10,49.329977,-10.153,49.5177,10.15,35.25,1001.1,10.38,1000.58,417.1,402.9,401.4
2021,2,18,7,56,39,49.331007,-10.1516,49.5187,10.15,35.26,1000.8,10.38,1000.75,417.1,402.9,401.4
2021,2,18,7,58,29,49.33228,-10.1499,49.5198,10.13,35.26,1001,10.37,1001,417,402.7,401.2
2021,2,18,7,59,58,49.33331,-10.1485,49.5207,10.15,35.25,1001.1,10.37,1001.19,416.9,402.7,401.1
2021,2,18,8,34,52,49.357546,-10.1146,49.539,10.14,35.26,1001.8,10.38,1001.47,416.7,402.6,401.1
2021,2,18,8,36,22,49.358588,-10.1124,49.5399,10.14,35.25,1001.5,10.38,1002.19,416.7,402.9,401.4
2021,2,18,8,37,52,49.35963,-10.1101,49.5409,10.13,35.26,1001.5,10.36,1002.07,416.5,402.9,401.4
2021,2,18,8,39,21,49.36066,-10.1077,49.5421,10.13,35.25,1002,10.36,1001.87,416.3,402.6,401.1
2021,2,18,8,40,50,49.36169,-10.1049,49.5423,10.13,35.26,1002.6,10.36,1001.7,416.1,402.3,400.8
2021,2,18,8,42,19,49.36272,-10.1015,49.5419,10.14,35.26,1002.1,10.37,1001.84,416,402.2,400.7
2021,2,18,8,43,48,49.36375,-10.0978,49.5416,10.14,35.26,1002.6,10.38,1001.75,416,402.2,400.7
2021,2,18,8,45,16,49.364769,-10.0929,49.5413,10.16,35.25,1002.5,10.39,1002.09,416,402.2,400.7
2021,2,18,8,46,45,49.365799,-10.0862,49.5409,10.16,35.26,1002.2,10.4,1001.68,415.7,401.8,400.3
2021,2,18,8,48,14,49.366829,-10.0792,49.5403,10.17,35.26,1002.4,10.42,1002.25,415.6,401.9,400.3
2021,2,18,8,49,43,49.367859,-10.0722,49.5397,10.18,35.27,1002.3,10.44,1001.99,414.8,401,399.4
2021,2,18,8,52,41,49.369919,-10.0585,49.5387,10.23,35.28,1002.5,10.5,1002.21,414,400.2,398.6
2021,2,18,8,54,10,49.370949,-10.0518,49.5381,10.28,35.28,1002.5,10.53,1001.87,413.5,399.5,398
2021,2,18,8,55,40,49.371991,-10.0448,49.5376,10.3,35.29,1002.2,10.56,1001.62,412.8,398.5,396.9
2021,2,18,8,57,11,49.373044,-10.0379,49.5376,10.32,35.3,1002.1,10.59,1001.85,412.2,398,396.5
2021,2,18,8,59,1,49.374317,-10.0295,49.5377,10.37,35.31,1002.5,10.64,1001.97,411.4,397.3,395.8
2021,2,18,9,0,29,49.375336,-10.0228,49.5376,10.4,35.32,1002.4,10.65,1002.48,411,397.2,395.7
2021,2,18,9,1,58,49.376366,-10.016,49.5376,10.42,35.32,1002.3,10.68,1001.99,410.5,396.5,395
2021,2,18,9,3,27,49.377396,-10.0091,49.5376,10.45,35.33,1002.4,10.7,1001.75,409.9,395.9,394.4
2021,2,18,9,4,58,49.378449,-10.0022,49.5374,10.47,35.34,1002.3,10.72,1001.98,409.5,395.7,394.2
2021,2,18,9,6,28,49.379491,-9.9953,49.5372,10.49,35.34,1002.3,10.74,1002.09,409.1,395.3,393.8
2021,2,18,9,7,57,49.380521,-9.9885,49.537,10.5,35.35,1002.1,10.75,1002.09,408.7,395,393.5
2021,2,18,9,9,26,49.381551,-9.9817,49.5368,10.53,35.35,1002.6,10.76,1002.16,408.4,394.8,393.3
2021,2,18,9,10,55,49.382581,-9.9748,49.5366,10.53,35.36,1002.7,10.77,1001.73,408.1,394.5,393
2021,2,18,9,12,23,49.3836,-9.968,49.5364,10.55,35.36,1002.3,10.77,1001.95,407.9,394.4,392.9
2021,2,18,9,13,52,49.38463,-9.9612,49.5363,10.55,35.36,1002.7,10.78,1002.07,407.7,394.3,392.8
2021,2,18,9,15,21,49.38566,-9.9543,49.5361,10.56,35.36,1002.4,10.78,1002.44,407.8,394.5,393
2021,2,18,9,16,50,49.38669,-9.9474,49.5358,10.56,35.36,1002.6,10.79,1002.12,407.6,394.2,392.7
2021,2,18,9,18,19,49.38772,-9.9407,49.5357,10.57,35.36,1002.5,10.8,1002.04,407.7,394.2,392.7
2021,2,18,9,19,50,49.388773,-9.9339,49.5355,10.57,35.36,1002.2,10.8,1002.17,407.8,394.4,392.9
2021,2,18,9,21,20,49.389815,-9.9271,49.5354,10.57,35.37,1002.3,10.8,1002.17,407.8,394.3,392.8
2021,2,18,9,22,49,49.390845,-9.9204,49.5352,10.57,35.36,1002.3,10.81,1002.29,407.7,394.3,392.8
2021,2,18,9,24,18,49.391875,-9.9136,49.535,10.57,35.36,1002.6,10.81,1002.14,407.8,394.2,392.7
2021,2,18,9,25,47,49.392905,-9.9069,49.5348,10.57,35.36,1002.6,10.81,1001.92,407.6,394,392.5
2021,2,18,9,27,16,49.393935,-9.9001,49.5346,10.57,35.36,1002.4,10.8,1002.26,407.7,394.2,392.7
2021,2,18,9,29,7,49.39522,-9.8915,49.5344,10.58,35.36,1002.6,10.8,1002.27,407.6,394.3,392.9
2021,2,18,9,30,37,49.396262,-9.8846,49.5342,10.57,35.36,1002.9,10.8,1001.86,407.5,394,392.5
2021,2,18,9,32,6,49.397292,-9.8776,49.534,10.58,35.36,1002.7,10.8,1002.2,407.5,394.2,392.7
2021,2,18,9,33,36,49.398333,-9.8708,49.5338,10.58,35.36,1002.5,10.79,1002.69,407.5,394.5,393
2021,2,18,9,35,6,49.399375,-9.8639,49.5337,10.59,35.36,1002.9,10.79,1002.38,407.4,394.4,392.9
2021,2,18,9,36,35,49.400405,-9.857,49.5335,10.56,35.36,1002.8,10.79,1002.33,407.5,394.4,392.9
2021,2,18,9,38,4,49.401435,-9.8502,49.5332,10.57,35.36,1002.6,10.79,1002.12,407.5,394.3,392.8
2021,2,18,9,39,33,49.402465,-9.8434,49.533,10.57,35.36,1002.6,10.78,1002.27,407.5,394.4,392.9
2021,2,18,9,41,3,49.403507,-9.8365,49.5328,10.57,35.36,1003,10.78,1002.23,407.6,394.5,393
2021,2,18,9,42,32,49.404537,-9.8296,49.5326,10.57,35.36,1002.9,10.78,1002.2,407.6,394.5,393
2021,2,18,9,44,1,49.405567,-9.8227,49.532,10.56,35.34,1002.7,10.78,1002.22,407.7,394.6,393.1
2021,2,18,9,45,30,49.406597,-9.816,49.5314,10.56,35.35,1002.7,10.77,1002.17,407.7,394.6,393.1
2021,2,18,9,46,59,49.407627,-9.8092,49.5308,10.56,35.34,1003.1,10.77,1002.52,407.8,394.9,393.4
2021,2,18,9,48,29,49.408669,-9.8022,49.5302,10.56,35.34,1003.1,10.76,1002.15,408,395,393.5
2021,2,18,9,49,58,49.409699,-9.7954,49.5296,10.55,35.34,1002.9,10.76,1002.58,408.1,395.2,393.7
2021,2,18,9,51,27,49.410729,-9.7887,49.529,10.55,35.34,1002.9,10.76,1002.67,408.2,395.3,393.8
2021,2,18,9,52,56,49.411759,-9.7818,49.5284,10.55,35.34,1002.8,10.76,1002.16,408,394.9,393.4
2021,2,18,9,54,26,49.412801,-9.7749,49.5278,10.55,35.34,1002.9,10.76,1002.26,408.1,395,393.5
2021,2,18,9,55,56,49.413843,-9.768,49.5272,10.54,35.34,1003.1,10.76,1002.57,408,394.9,393.5
2021,2,18,9,57,25,49.414873,-9.7613,49.5266,10.54,35.34,1002.8,10.76,1002.8,408.1,395.1,393.6
2021,2,18,10,0,44,49.417176,-9.7464,49.5252,10.56,35.34,1002.7,10.76,1002.45,408.1,395.2,393.7
2021,2,18,10,2,13,49.418206,-9.7397,49.5247,10.56,35.34,1002.8,10.76,1002.55,408,395.1,393.6
2021,2,18,10,3,42,49.419236,-9.733,49.5242,10.55,35.34,1002.8,10.76,1002.71,408,395.1,393.6
2021,2,18,10,5,11,49.420266,-9.7263,49.5237,10.55,35.34,1003.1,10.77,1002.43,407.9,394.9,393.4
2021,2,18,10,6,41,49.421308,-9.7195,49.5233,10.55,35.34,1003.1,10.77,1002.64,407.8,394.8,393.4
2021,2,18,10,8,10,49.422338,-9.7126,49.5229,10.56,35.34,1003.1,10.77,1002.78,407.7,394.9,393.4
2021,2,18,10,9,39,49.423368,-9.7059,49.5227,10.57,35.34,1002.9,10.77,1002.66,407.6,394.7,393.3
2021,2,18,10,11,8,49.424398,-9.699,49.5225,10.56,35.34,1002.8,10.78,1002.81,407.6,394.8,393.3
2021,2,18,10,12,37,49.425428,-9.6922,49.5223,10.57,35.34,1002.8,10.78,1002.78,407.3,394.5,393.1
2021,2,18,10,14,7,49.42647,-9.6854,49.5221,10.57,35.34,1003.1,10.78,1002.74,407.2,394.4,392.9
2021,2,18,10,15,38,49.427523,-9.6785,49.5218,10.58,35.34,1002.9,10.79,1002.74,407.1,394.2,392.7
2021,2,18,10,17,7,49.428553,-9.6718,49.5216,10.57,35.35,1003,10.79,1002.78,407.1,394.2,392.7
2021,2,18,10,18,37,49.429595,-9.665,49.5214,10.57,35.34,1002.8,10.8,1002.48,406.8,393.7,392.2
2021,2,18,10,20,6,49.430625,-9.6581,49.5212,10.59,35.35,1003.2,10.8,1002.75,406.8,393.9,392.4
2021,2,18,10,21,35,49.431655,-9.6515,49.521,10.58,35.35,1003.3,10.8,1002.46,406.6,393.6,392.1
2021,2,18,10,23,5,49.432697,-9.6444,49.5207,10.59,35.35,1003.1,10.81,1002.87,406.5,393.6,392.1
2021,2,18,10,24,34,49.433727,-9.6377,49.5205,10.59,35.35,1003.2,10.81,1002.74,406.4,393.4,391.9
2021,2,18,10,26,3,49.434757,-9.631,49.5203,10.59,35.35,1003.1,10.81,1003.15,406.3,393.5,392
2021,2,18,10,27,32,49.435787,-9.6243,49.5201,10.6,35.35,1003.3,10.82,1002.94,406.1,393.2,391.7
2021,2,18,10,29,22,49.43706,-9.6159,49.5198,10.59,35.35,1003.3,10.82,1003.06,405.9,393,391.5
2021,2,18,10,30,51,49.43809,-9.6092,49.5195,10.6,35.35,1003,10.82,1002.83,405.6,392.6,391.1
2021,2,18,10,32,19,49.439109,-9.6027,49.5193,10.6,35.35,1003.5,10.83,1002.93,405.5,392.6,391.1
2021,2,18,10,33,48,49.440139,-9.5961,49.5195,10.61,35.36,1003.3,10.83,1003,405.4,392.4,390.9
2021,2,18,10,35,17,49.441169,-9.5896,49.5204,10.61,35.36,1003,10.84,1002.93,405.1,392.1,390.6
2021,2,18,10,36,46,49.442199,-9.5848,49.5219,10.61,35.36,1003.2,10.84,1002.78,404.8,391.8,390.3
2021,2,18,10,38,15,49.443229,-9.5806,49.5233,10.62,35.36,1003.1,10.83,1002.81,404.7,391.8,390.3
2021,2,18,10,39,44,49.444259,-9.5777,49.5243,10.61,35.36,1003.4,10.83,1002.78,404.4,391.6,390.1
2021,2,18,10,41,13,49.445289,-9.5754,49.5251,10.62,35.36,1003.3,10.84,1002.74,404.3,391.4,389.9
2021,2,18,10,42,42,49.446319,-9.5733,49.5258,10.6,35.36,1003.1,10.85,1002.71,404.1,391.2,389.7
2021,2,18,10,44,11,49.44735,-9.5713,49.5268,10.62,35.36,1003.1,10.84,1002.65,404.3,391.4,389.9
2021,2,18,10,45,40,49.44838,-9.5685,49.5286,10.62,35.36,1003.1,10.84,1002.65,404.5,391.5,390
2021,2,18,10,47,10,49.449421,-9.5657,49.5302,10.62,35.36,1003.4,10.84,1002.92,404.4,391.5,390.1
2021,2,18,10,48,40,49.450463,-9.5631,49.5315,10.62,35.36,1003.3,10.85,1003.11,404.5,391.6,390.1
2021,2,18,10,50,9,49.451493,-9.5613,49.5324,10.63,35.36,1003.4,10.85,1002.96,404.3,391.4,390
2021,2,18,10,51,38,49.452523,-9.5597,49.5334,10.62,35.36,1003.2,10.84,1002.94,404.3,391.4,389.9
2021,2,18,10,53,7,49.453553,-9.5582,49.5343,10.62,35.36,1003.3,10.85,1003.12,404.2,391.3,389.8
2021,2,18,10,54,36,49.454583,-9.5567,49.5353,10.63,35.36,1003.1,10.86,1002.83,404.1,391,389.6
2021,2,18,10,56,6,49.455625,-9.5553,49.5363,10.63,35.36,1003.2,10.86,1002.74,404,391,389.5
2021,2,18,10,57,38,49.45669,-9.5537,49.5372,10.63,35.36,1003,10.87,1002.92,403.9,390.7,389.3
2021,2,18,10,59,28,49.457963,-9.5518,49.5383,10.64,35.36,1003.4,10.87,1002.96,403.7,390.7,389.2
2021,2,18,11,0,57,49.458993,-9.5503,49.5392,10.64,35.36,1003.5,10.87,1002.94,403.7,390.7,389.2
2021,2,18,11,2,27,49.460035,-9.5488,49.5401,10.64,35.36,1003.3,10.88,1002.91,403.7,390.7,389.2
2021,2,18,11,3,58,49.461088,-9.5472,49.541,10.64,35.36,1003.3,10.88,1002.89,403.7,390.6,389.1
2021,2,18,11,38,41,49.485197,-9.5109,49.5615,10.7,35.37,1003.5,10.93,1003.26,403.1,390.1,388.7
2021,2,18,11,40,11,49.486238,-9.5094,49.5624,10.69,35.37,1003.5,10.93,1003.25,403.1,390.1,388.6
2021,2,18,11,41,42,49.487292,-9.5078,49.5633,10.7,35.37,1003.7,10.93,1003.34,403,390.1,388.6
2021,2,18,11,43,11,49.488322,-9.5063,49.5641,10.69,35.37,1003.5,10.93,1003.32,402.8,389.9,388.4
2021,2,18,11,44,40,49.489352,-9.5048,49.565,10.7,35.37,1003.7,10.94,1003.1,402.9,389.8,388.4
2021,2,18,11,46,9,49.490382,-9.5033,49.5659,10.7,35.37,1003.7,10.93,1003.51,403,390.1,388.7
2021,2,18,11,47,37,49.4914,-9.5018,49.5668,10.69,35.37,1003.8,10.93,1003.52,402.8,390,388.5
2021,2,18,11,49,8,49.492454,-9.5002,49.5678,10.71,35.37,1003.9,10.93,1003.34,402.8,390.1,388.6
2021,2,18,11,50,38,49.493495,-9.4987,49.5687,10.69,35.37,1003.5,10.93,1003.31,402.8,389.7,388.3
2021,2,18,11,52,8,49.494537,-9.4974,49.5694,10.69,35.37,1003.5,10.93,1003.45,402.8,389.8,388.3
2021,2,18,11,53,37,49.495567,-9.4967,49.5696,10.69,35.37,1003.6,10.93,1003.48,402.7,389.7,388.3
2021,2,18,11,55,6,49.496597,-9.496,49.5698,10.69,35.37,1003.6,10.94,1003.55,402.6,389.7,388.2
2021,2,18,11,58,4,49.498657,-9.494,49.5707,10.7,35.37,1003.7,10.94,1003.55,402.5,389.7,388.2
2021,2,18,11,59,54,49.499931,-9.4921,49.5715,10.7,35.37,1003.7,10.94,1003.74,402.7,389.9,388.4
2021,2,18,12,1,23,49.500961,-9.4906,49.572,10.7,35.37,1003.7,10.93,1003.4,402.3,389.4,387.9
2021,2,18,12,2,52,49.501991,-9.4893,49.5725,10.7,35.37,1003.8,10.94,1003.29,402.3,389.3,387.8
2021,2,18,12,4,21,49.503021,-9.4877,49.5731,10.69,35.37,1003.8,10.94,1003.39,402.3,389.2,387.7
2021,2,18,12,5,50,49.504051,-9.4856,49.574,10.7,35.36,1003.6,10.95,1003.57,402.2,389.1,387.7
2021,2,18,12,7,19,49.505081,-9.4833,49.5751,10.71,35.37,1003.9,10.95,1003.42,402.2,389.1,387.6
2021,2,18,12,8,47,49.5061,-9.4808,49.5762,10.7,35.37,1004,10.95,1003.55,402.2,389.2,387.7
2021,2,18,12,10,16,49.50713,-9.4785,49.5773,10.71,35.37,1003.9,10.96,1003.69,402.3,389.3,387.8
2021,2,18,12,11,47,49.508183,-9.4755,49.5787,10.71,35.37,1003.8,10.96,1003.63,402.4,389.4,387.9
2021,2,18,12,13,17,49.509225,-9.4708,49.581,10.72,35.37,1003.9,10.96,1003.41,402.2,389.2,387.7
2021,2,18,12,14,46,49.510255,-9.4658,49.5835,10.71,35.37,1003.8,10.96,1003.76,402.3,389.4,387.9
2021,2,18,12,16,15,49.511285,-9.4607,49.5862,10.72,35.37,1003.9,10.96,1003.33,402.1,389,387.6
2021,2,18,12,17,44,49.512315,-9.4555,49.5887,10.72,35.37,1003.9,10.96,1003.42,402.1,389.1,387.6
2021,2,18,12,19,13,49.513345,-9.4504,49.5914,10.72,35.37,1003.6,10.96,1003.65,402.3,389.3,387.8
2021,2,18,12,20,41,49.514363,-9.4452,49.5941,10.72,35.37,1004,10.96,1003.73,402.2,389.3,387.8
2021,2,18,12,22,10,49.515394,-9.44,49.5967,10.71,35.37,1004.1,10.96,1003.46,402.4,389.3,387.8
2021,2,18,12,23,39,49.516424,-9.4349,49.5994,10.72,35.37,1004,10.97,1003.7,402.4,389.4,387.9
2021,2,18,12,25,9,49.517465,-9.4298,49.6021,10.72,35.37,1003.9,10.97,1003.57,402.3,389.2,387.7
2021,2,18,12,26,39,49.518507,-9.4245,49.6047,10.71,35.37,1004.2,10.97,1003.47,402.2,389,387.5
2021,2,18,12,28,9,49.519549,-9.4193,49.6075,10.72,35.36,1004.1,10.97,1003.45,402.3,389.1,387.6
2021,2,18,12,29,59,49.520822,-9.413,49.6107,10.72,35.37,1004.1,10.97,1003.59,402.4,389.2,387.8
2021,2,18,12,31,28,49.521852,-9.4078,49.6134,10.71,35.36,1003.8,10.97,1003.7,402.5,389.4,387.9
2021,2,18,12,32,57,49.522882,-9.4027,49.6161,10.71,35.36,1004.2,10.97,1003.68,402.6,389.5,388.1
2021,2,18,12,34,26,49.523912,-9.3976,49.6187,10.71,35.36,1004.1,10.96,1003.32,402.7,389.5,388
2021,2,18,12,35,54,49.524931,-9.3925,49.6214,10.71,35.36,1004,10.96,1003.83,402.9,389.9,388.4
2021,2,18,12,37,23,49.525961,-9.3871,49.6239,10.71,35.36,1004.1,10.97,1003.46,403,389.7,388.2
2021,2,18,12,38,53,49.527002,-9.3815,49.6262,10.71,35.36,1004.3,10.97,1003.07,403.2,389.7,388.2
2021,2,18,12,40,23,49.528044,-9.3759,49.6286,10.7,35.36,1004,10.97,1003.73,403.1,389.9,388.5
2021,2,18,12,41,52,49.529074,-9.3703,49.631,10.71,35.36,1004.2,10.96,1003.46,403.1,389.9,388.4
2021,2,18,12,43,21,49.530104,-9.3648,49.6333,10.71,35.36,1004.1,10.96,1003.59,403.1,389.9,388.4
2021,2,18,12,44,50,49.531134,-9.3592,49.6356,10.71,35.36,1003.8,10.97,1003.75,403.1,390,388.5
2021,2,18,12,46,19,49.532164,-9.3537,49.6379,10.71,35.35,1004.3,10.96,1003.57,403.1,389.9,388.5
2021,2,18,12,47,48,49.533194,-9.3481,49.6403,10.71,35.35,1004,10.96,1003.65,403,389.9,388.4
2021,2,18,12,49,20,49.534259,-9.3427,49.6428,10.71,35.36,1003.8,10.96,1003.51,402.9,389.8,388.3
2021,2,18,12,50,50,49.535301,-9.3374,49.6453,10.71,35.35,1004.2,10.96,1003.72,403.1,390,388.6
2021,2,18,12,52,19,49.536331,-9.3321,49.6479,10.71,35.35,1004,10.96,1003.67,403,389.9,388.4
2021,2,18,12,53,48,49.537361,-9.3269,49.6505,10.7,35.35,1004,10.95,1003.51,402.9,389.8,388.3
2021,2,18,12,55,17,49.538391,-9.3216,49.6531,10.7,35.35,1004,10.96,1003.52,403.2,390.1,388.6
2021,2,18,12,56,46,49.539421,-9.3164,49.6557,10.7,35.35,1004,10.95,1003.68,403.5,390.5,389
2021,2,18,12,58,15,49.540451,-9.3113,49.6583,10.7,35.34,1004.4,10.95,1003.73,403.8,390.8,389.3
2021,2,18,13,0,5,49.541725,-9.3048,49.6615,10.7,35.34,1004.2,10.95,1003.56,403.9,390.7,389.3
2021,2,18,13,1,33,49.542743,-9.2996,49.6641,10.69,35.34,1004.2,10.95,1003.71,404.2,391.1,389.6
2021,2,18,13,3,2,49.543773,-9.2943,49.6667,10.69,35.34,1004.1,10.95,1003.53,404.4,391.2,389.7
2021,2,18,13,4,31,49.544803,-9.2892,49.6693,10.7,35.34,1004.1,10.95,1003.7,404.7,391.5,390.1
2021,2,18,13,6,0,49.545833,-9.2839,49.6718,10.7,35.33,1004,10.95,1003.75,404.9,391.7,390.2
2021,2,18,13,7,29,49.546863,-9.2787,49.6744,10.69,35.33,1004.1,10.95,1003.7,404.9,391.7,390.2
2021,2,18,13,8,59,49.547905,-9.2734,49.6771,10.69,35.33,1004.1,10.95,1003.93,405.2,392,390.5
2021,2,18,13,10,28,49.548935,-9.2681,49.6798,10.69,35.33,1004.2,10.95,1003.88,405.1,392,390.5
2021,2,18,13,11,57,49.549965,-9.2628,49.6825,10.69,35.33,1004.2,10.94,1003.66,405.4,392.2,390.7
2021,2,18,13,13,26,49.550995,-9.2576,49.685,10.69,35.33,1004.4,10.94,1003.68,405.7,392.5,391.1
2021,2,18,13,14,55,49.552025,-9.2523,49.6876,10.68,35.32,1004.4,10.93,1003.89,406.1,393,391.5
2021,2,18,13,16,26,49.553079,-9.2468,49.6903,10.68,35.32,1004.4,10.92,1004.08,406,393.1,391.7
2021,2,18,13,17,56,49.55412,-9.2415,49.6929,10.67,35.32,1004.3,10.92,1004.01,406.1,393.1,391.6
2021,2,18,13,19,26,49.555162,-9.2362,49.6956,10.67,35.31,1004.2,10.92,1003.88,405.9,392.8,391.3
2021,2,18,13,20,55,49.556192,-9.2309,49.6982,10.67,35.31,1004.3,10.92,1003.83,406.1,393.1,391.6
2021,2,18,13,22,24,49.557222,-9.2257,49.7009,10.67,35.31,1004.4,10.92,1003.78,406.4,393.3,391.8
2021,2,18,13,23,53,49.558252,-9.2204,49.7036,10.67,35.31,1004.5,10.92,1003.72,406.7,393.5,392.1
2021,2,18,14,25,4,49.600741,-9.032,49.7928,10.49,35.24,1003.8,10.74,1003.49,417.9,404.4,402.8
2021,2,18,14,26,34,49.601782,-9.0303,49.7937,10.49,35.24,1003.7,10.73,1003.16,418,404.4,402.9
2021,2,18,14,28,3,49.602812,-9.0288,49.7946,10.49,35.23,1003.7,10.73,1003.47,418.3,404.9,403.4
2021,2,18,14,29,32,49.603843,-9.0273,49.7955,10.48,35.23,1003.9,10.73,1003.18,418.3,404.8,403.2
2021,2,18,14,31,1,49.604873,-9.0257,49.7963,10.49,35.24,1003.8,10.73,1003.39,418.4,404.9,403.4
2021,2,18,14,32,30,49.605903,-9.0242,49.797,10.48,35.23,1003.8,10.73,1003.45,418.4,405,403.4
2021,2,18,14,33,59,49.606933,-9.0227,49.7979,10.49,35.23,1004,10.73,1003.51,418.6,405.2,403.7
2021,2,18,14,35,49,49.608206,-9.0208,49.7989,10.48,35.23,1003.9,10.73,1003.26,418.6,405.1,403.5
2021,2,18,14,37,18,49.609236,-9.0193,49.7997,10.48,35.23,1003.6,10.72,1003.41,418.8,405.2,403.7
2021,2,18,14,38,48,49.610278,-9.0178,49.8006,10.48,35.23,1003.8,10.73,1003.1,418.6,405,403.4
2021,2,18,14,40,18,49.611319,-9.0162,49.8015,10.48,35.23,1003.9,10.73,1003.31,418.8,405.1,403.6
2021,2,18,14,41,48,49.612361,-9.0145,49.8024,10.48,35.23,1004,10.73,1003.35,418.6,405,403.5
2021,2,18,14,43,17,49.613391,-9.0129,49.8032,10.48,35.23,1003.9,10.73,1003.05,418.8,405.1,403.6
2021,2,18,14,44,46,49.614421,-9.0112,49.8041,10.48,35.23,1003.8,10.72,1003.34,418.9,405.3,403.8
2021,2,18,14,46,15,49.615451,-9.0095,49.8049,10.48,35.23,1003.9,10.72,1003.24,418.8,405.4,403.9
2021,2,18,14,47,44,49.616481,-9.0078,49.8058,10.5,35.23,1003.8,10.73,1002.99,418.9,405.4,403.8
2021,2,18,14,49,13,49.617512,-9.0063,49.8067,10.48,35.23,1003.8,10.72,1003.1,419,405.4,403.9
2021,2,18,14,50,42,49.618542,-9.0048,49.8075,10.47,35.23,1003.6,10.73,1003.22,419.1,405.4,403.8
2021,2,18,14,52,11,49.619572,-9.0032,49.8083,10.48,35.23,1003.6,10.73,1003.12,419.1,405.4,403.8
2021,2,18,14,53,40,49.620602,-9.0017,49.8091,10.48,35.23,1003.7,10.72,1003.18,419.1,405.4,403.9
2021,2,18,14,55,9,49.621632,-9.0002,49.8099,10.47,35.23,1003.8,10.73,1003.11,419,405.3,403.8
2021,2,18,14,56,38,49.622662,-8.9987,49.8108,10.48,35.23,1003.7,10.73,1003.18,419.3,405.5,404
2021,2,18,14,58,8,49.623704,-8.9971,49.8117,10.46,35.23,1003.7,10.73,1003.25,419.1,405.5,404
2021,2,18,14,59,37,49.624734,-8.9957,49.8127,10.49,35.23,1003.8,10.72,1003.1,419.1,405.4,403.9
2021,2,18,15,1,7,49.625775,-8.9941,49.8136,10.47,35.23,1003.7,10.72,1003.35,419.1,405.7,404.2
2021,2,18,15,2,37,49.626817,-8.9924,49.8145,10.48,35.23,1003.6,10.72,1003.03,419,405.4,403.8
2021,2,18,15,4,8,49.62787,-8.9907,49.8153,10.47,35.23,1003.7,10.72,1003.24,419,405.4,403.9
2021,2,18,15,5,58,49.629144,-8.9887,49.8163,10.48,35.23,1003.4,10.72,1003.19,418.9,405.4,403.8
2021,2,18,15,7,26,49.630162,-8.9871,49.817,10.48,35.23,1003.4,10.72,1002.67,418.7,404.9,403.4
2021,2,18,15,8,55,49.631192,-8.9855,49.8178,10.47,35.23,1003.8,10.73,1003.33,418.5,405,403.5
2021,2,18,15,10,24,49.632222,-8.984,49.8186,10.48,35.23,1003.3,10.72,1003.21,418.5,404.9,403.4
2021,2,18,15,11,53,49.633252,-8.9824,49.8195,10.48,35.23,1003.6,10.72,1003.23,418.1,404.5,403
2021,2,18,15,13,22,49.634282,-8.9809,49.8203,10.48,35.23,1003.6,10.73,1003.26,418,404.4,402.9
2021,2,18,15,14,53,49.635336,-8.9794,49.8212,10.48,35.23,1003.7,10.72,1003.22,418.1,404.7,403.2
2021,2,18,15,16,23,49.636377,-8.9779,49.8221,10.49,35.23,1003.3,10.72,1003.03,418,404.5,403
2021,2,18,15,17,52,49.637407,-8.9764,49.823,10.49,35.23,1003.7,10.72,1003.33,417.9,404.5,403
2021,2,18,15,19,21,49.638437,-8.9749,49.8239,10.48,35.24,1003.8,10.73,1003.11,417.5,403.9,402.4
2021,2,18,15,20,50,49.639468,-8.9733,49.8248,10.48,35.23,1004,10.73,1003.09,417.3,403.8,402.3
2021,2,18,15,22,19,49.640498,-8.9716,49.8256,10.49,35.24,1003.8,10.72,1003.1,417.2,403.7,402.2
2021,2,18,15,23,48,49.641528,-8.9699,49.8264,10.48,35.24,1003.7,10.72,1003.23,416.9,403.6,402.1
2021,2,18,15,25,18,49.642569,-8.9682,49.8273,10.49,35.24,1003.8,10.72,1002.99,416.6,403.2,401.7
2021,2,18,15,26,48,49.643611,-8.9675,49.8277,10.49,35.25,1003.7,10.73,1003.07,416.3,402.9,401.4
2021,2,18,15,28,17,49.644641,-8.967,49.8281,10.5,35.25,1003.5,10.73,1003.13,416,402.6,401.1
2021,2,18,15,29,46,49.645671,-8.9662,49.8285,10.5,35.25,1003.7,10.74,1003.19,416,402.7,401.2
2021,2,18,15,31,15,49.646701,-8.9646,49.8293,10.52,35.24,1003.5,10.73,1003.11,416.3,403,401.5
2021,2,18,15,32,45,49.647743,-8.963,49.8303,10.52,35.25,1003.5,10.73,1003.04,416.7,403.4,401.9
2021,2,18,15,34,14,49.648773,-8.9616,49.8312,10.51,35.25,1003.6,10.73,1002.98,416.7,403.5,402
2021,2,18,15,36,5,49.650058,-8.9598,49.8323,10.49,35.24,1003.6,10.74,1003.01,416.4,403,401.5
2021,2,18,15,37,34,49.651088,-8.9581,49.8334,10.52,35.25,1003.5,10.74,1003.05,416.3,402.9,401.4
2021,2,18,15,39,5,49.652141,-8.9559,49.8348,10.51,35.26,1003.5,10.74,1002.88,416.5,403.1,401.6
2021,2,18,15,40,34,49.653171,-8.9534,49.8364,10.51,35.26,1003.5,10.74,1002.71,416.5,403.1,401.6
2021,2,18,15,42,3,49.654201,-8.9505,49.8378,10.51,35.25,1003.6,10.73,1002.96,416.9,403.5,402
2021,2,18,15,43,31,49.65522,-8.9474,49.8392,10.5,35.25,1003.5,10.73,1002.51,417.3,403.8,402.3
2021,2,18,15,45,0,49.65625,-8.9448,49.841,10.5,35.25,1003.2,10.71,1002.6,418.1,404.6,403
2021,2,18,15,46,29,49.65728,-8.9445,49.844,10.48,35.25,1003,10.72,1002.75,418.4,404.8,403.3
2021,2,18,15,47,58,49.65831,-8.9465,49.8469,10.48,35.24,1003,10.73,1002.68,417.9,404.4,402.9
2021,2,18,15,49,27,49.65934,-8.9506,49.8473,10.49,35.24,1003.1,10.73,1002.6,417.9,404.2,402.7
2021,2,18,15,50,56,49.66037,-8.9524,49.8499,10.49,35.25,1003.3,10.72,1002.54,418.9,405.2,403.7
2021,2,18,15,52,25,49.6614,-8.952,49.8538,10.47,35.23,1003.1,10.71,1002.64,420,406.3,404.8
2021,2,18,15,53,54,49.662431,-8.951,49.858,10.46,35.23,1003,10.7,1002.93,420.6,407,405.4
2021,2,18,15,55,23,49.663461,-8.9499,49.8623,10.46,35.23,1003.4,10.69,1002.63,421,407.2,405.7
2021,2,18,15,56,52,49.664491,-8.9488,49.8666,10.45,35.23,1003.3,10.69,1002.49,421.1,407.3,405.8
2021,2,18,15,58,21,49.665521,-8.9476,49.8708,10.45,35.23,1003.2,10.69,1003.09,421.7,407.9,406.4
2021,2,18,15,59,49,49.666539,-8.9464,49.8751,10.44,35.23,1003.4,10.69,1002.67,421.6,407.7,406.1
2021,2,18,16,1,18,49.667569,-8.9452,49.8795,10.44,35.23,1003.4,10.68,1003.05,421.6,407.9,406.3
2021,2,18,16,2,47,49.6686,-8.944,49.8838,10.43,35.23,1003.2,10.68,1003.19,421.8,408.1,406.5
2021,2,18,16,4,16,49.66963,-8.9428,49.8881,10.43,35.22,1003.3,10.68,1003.14,421.7,407.9,406.4
2021,2,18,16,6,7,49.670914,-8.9413,49.8934,10.44,35.22,1003.3,10.69,1002.92,421.4,407.5,406
2021,2,18,16,7,36,49.671944,-8.9401,49.8977,10.44,35.23,1003,10.69,1002.76,420.9,406.9,405.4
2021,2,18,16,9,6,49.672986,-8.9388,49.9022,10.44,35.23,1003.1,10.7,1002.78,420.2,406.2,404.7
2021,2,18,16,10,37,49.674039,-8.9379,49.9066,10.45,35.23,1002.9,10.71,1002.71,419.4,405.3,403.8
2021,2,18,16,12,7,49.675081,-8.937,49.911,10.45,35.24,1002.8,10.71,1002.68,419.2,405.1,403.6
2021,2,18,16,13,36,49.676111,-8.9361,49.9152,10.46,35.24,1003.2,10.72,1002.99,418.6,404.7,403.2
2021,2,18,16,15,5,49.677141,-8.9352,49.9194,10.46,35.24,1002.8,10.72,1002.63,418.2,404.1,402.6
2021,2,18,16,16,34,49.678171,-8.9343,49.9237,10.47,35.24,1002.9,10.73,1002.54,417.7,403.6,402.1
2021,2,18,16,18,3,49.679201,-8.9335,49.9281,10.48,35.25,1002.4,10.74,1002.41,417,402.9,401.4
2021,2,18,16,19,31,49.68022,-8.9327,49.9325,10.49,35.25,1002.8,10.74,1002.46,416.4,402.4,400.9
2021,2,18,16,21,0,49.68125,-8.9317,49.9369,10.49,35.26,1002.5,10.74,1002.34,415.6,401.9,400.4
2021,2,18,16,22,30,49.682292,-8.9308,49.9413,10.5,35.26,1002.7,10.7,1002.62,416.3,403,401.4
2021,2,18,16,23,59,49.683322,-8.93,49.9456,10.46,35.26,1003,10.68,1002.48,417.8,404.3,402.8
2021,2,18,16,25,28,49.684352,-8.9293,49.9499,10.43,35.24,1002.9,10.67,1002.2,418.6,404.8,403.2
2021,2,18,16,26,57,49.685382,-8.9285,49.9544,10.43,35.23,1002.7,10.68,1002.58,419.2,405.4,403.8
2021,2,18,16,28,26,49.686412,-8.9277,49.9587,10.42,35.23,1002.6,10.67,1002.38,419.4,405.3,403.8
2021,2,18,16,29,55,49.687442,-8.927,49.9631,10.43,35.22,1003.1,10.69,1002.43,419,404.8,403.3
2021,2,18,16,31,24,49.688472,-8.9269,49.9675,10.43,35.23,1003.1,10.69,1002.45,418.2,404,402.4
2021,2,18,16,32,54,49.689514,-8.9268,49.9719,10.44,35.24,1002.7,10.69,1002.18,417.5,403.5,402
2021,2,18,16,34,23,49.690544,-8.9267,49.9763,10.44,35.24,1002.6,10.68,1002.13,417.2,403.2,401.7
2021,2,18,16,36,13,49.691817,-8.9265,49.9817,10.43,35.25,1002.5,10.68,1001.84,417.1,403.1,401.5
2021,2,18,16,37,42,49.692847,-8.9264,49.986,10.44,35.24,1002.8,10.67,1002.07,417.3,403.4,401.9
2021,2,18,16,39,11,49.693877,-8.9263,49.9905,10.42,35.24,1002.7,10.66,1002.05,417.5,403.7,402.2
2021,2,18,16,40,40,49.694907,-8.9262,49.9949,10.41,35.24,1002.8,10.65,1002.13,417.5,403.6,402.1
2021,2,18,16,42,9,49.695937,-8.9261,49.9993,10.41,35.24,1002.7,10.65,1002.07,417.4,403.5,402
2021,2,18,16,45,9,49.698021,-8.9257,50.0081,10.39,35.23,1002.7,10.64,1001.99,417.4,403.4,401.9